Month,Value
1749-01,0.162790698
1749-02,0.269767442
1749-03,0.441860465
1749-04,0.109302326
1749-05,0.790697674
1749-06,0.755813953
1749-07,1.018604651
1749-08,0.355813953
1749-09,0.579069767
1749-10,0.569767442
1749-11,2.502325581
1749-12,0.795348837
1750-01,0.518604651
1750-02,0.579069767
1750-03,0.888372093
1750-04,0.86744186
1750-05,0.906976744
1750-06,1.139534884
1750-07,0.8
1750-08,1.209302326
1750-09,0.934883721
1750-10,0.341860465
1750-11,0.286046512
1750-12,0.56744186
1751-01,0.441860465
1751-02,-0.174418605
1751-03,-0.13255814
1751-04,0.125581395
1751-05,0.225581395
1751-06,-0.006976744
1751-07,0.355813953
1751-08,0.204651163
1751-09,-0.639534884
1751-10,-0.646511628
1751-11,-0.523255814
1751-12,-0.162790698
1752-01,-0.372093023
1752-02,-0.023255814
1752-03,0.465116279
1752-04,0.193023256
1752-05,0.202325581
1752-06,-0.265116279
1752-07,0.637209302
1752-08,-0.504651163
1752-09,-0.555813953
1752-10,-0.102325581
1752-11,-0.311627907
1752-12,-0.255813953
1753-01,-0.162790698
1753-02,-0.441860465
1753-03,-0.123255814
1753-04,-0.302325581
1753-05,-0.348837209
1753-06,-0.448837209
1753-07,-0.669767442
1753-08,-0.279069767
1753-09,-0.534883721
1753-10,-0.604651163
1753-11,-0.720930233
1753-12,-1.030232558
1754-01,-1.186046512
1754-02,-1.11627907
1754-03,-1.146511628
1754-04,-0.86744186
1754-05,-0.704651163
1754-06,-0.565116279
1754-07,-0.748837209
1754-08,-0.9
1754-09,-0.995348837
1754-10,-0.625581395
1754-11,-0.879069767
1754-12,-1.088372093
1755-01,-0.948837209
1755-02,-0.925581395
1755-03,-1.027906977
1755-04,-1.034883721
1755-05,-1.186046512
1755-06,-1.186046512
1755-07,-0.986046512
1755-08,-1.111627907
1755-09,-0.772093023
1755-10,-0.634883721
1755-11,-1.027906977
1755-12,-0.720930233
1756-01,-0.895348837
1756-02,-1.020930233
1756-03,-1.060465116
1756-04,-0.96744186
1756-05,-0.895348837
1756-06,-0.886046512
1756-07,-1.102325581
1756-08,-1.037209302
1756-09,-0.911627907
1756-10,-0.853488372
1756-11,-0.790697674
1756-12,-0.96744186
1757-01,-0.858139535
1757-02,-0.693023256
1757-03,-0.576744186
1757-04,-0.488372093
1757-05,-0.3
1757-06,-0.888372093
1757-07,-0.604651163
1757-08,0.006976744
1757-09,-0.262790698
1757-10,-0.430232558
1757-11,0.318604651
1757-12,-0.406976744
1758-01,-0.311627907
1758-02,0.023255814
1758-03,-0.046511628
1758-04,0.495348837
1758-05,-0.106976744
1758-06,-0.139534884
1758-07,-0.162790698
1758-08,-0.286046512
1758-09,0.26744186
1758-10,-0.309302326
1758-11,-0.186046512
1758-12,-0.186046512
1759-01,-0.062790698
1759-02,-0.162790698
1759-03,-0.097674419
1759-04,-0.093023256
1759-05,-0.046511628
1759-06,-0.023255814
1759-07,0
1759-08,0.472093023
1759-09,0.609302326
1759-10,0.202325581
1759-11,-0.109302326
1759-12,0.139534884
1760-01,0.379069767
1760-02,0.197674419
1760-03,0.551162791
1760-04,0.169767442
1760-05,0.488372093
1760-06,-0.062790698
1760-07,0.348837209
1760-08,0.572093023
1760-09,0.239534884
1760-10,-0.009302326
1760-11,0.202325581
1760-12,0.23255814
1761-01,0.441860465
1761-02,0.930232558
1761-03,0.690697674
1761-04,0.481395349
1761-05,1.306976744
1761-06,1.123255814
1761-07,1.002325581
1761-08,0.93255814
1761-09,1.155813953
1761-10,0.876744186
1761-11,0.9
1761-12,-0.11627907
1762-01,-0.16744186
1762-02,0.506976744
1762-03,-0.123255814
1762-04,0.213953488
1762-05,-0.258139535
1762-06,0.606976744
1762-07,-0.4
1762-08,0.388372093
1762-09,0.406976744
1762-10,0.425581395
1762-11,0.623255814
1762-12,0.609302326
1763-01,0.127906977
1763-02,-0.444186047
1763-03,-0.390697674
1763-04,-0.420930233
1763-05,-0.425581395
1763-06,-0.353488372
1763-07,0.074418605
1763-08,-0.569767442
1763-09,0.397674419
1763-10,-0.109302326
1763-11,0.230232558
1763-12,0.241860465
1764-01,0.202325581
1764-02,0.202325581
1764-03,-0.251162791
1764-04,-0.386046512
1764-05,-0.155813953
1764-06,-0.488372093
1764-07,-0.488372093
1764-08,-0.488372093
1764-09,-0.530232558
1764-10,-0.534883721
1764-11,-0.581395349
1764-12,-0.588372093
1765-01,-0.627906977
1765-02,-0.581395349
1765-03,-0.604651163
1765-04,-0.674418605
1765-05,-0.71627907
1765-06,-0.720930233
1765-07,-0.558139535
1765-08,-0.495348837
1765-09,-0.813953488
1765-10,-0.860465116
1765-11,-0.860465116
1765-12,-0.88372093
1766-01,-0.906976744
1766-02,-0.930232558
1766-03,-0.334883721
1766-04,-1.046511628
1766-05,-0.562790698
1766-06,-1.11627907
1766-07,-1.109302326
1766-08,-1.093023256
1766-09,-1.086046512
1766-10,-1.069767442
1766-11,-1.053488372
1766-12,-0.739534884
1767-01,-0.548837209
1767-02,-0.488372093
1767-03,-0.186046512
1767-04,-0.420930233
1767-05,-0.493023256
1767-06,-0.411627907
1767-07,-0.676744186
1767-08,-0.237209302
1767-09,-0.193023256
1767-10,-0.160465116
1767-11,0.086046512
1767-12,0.053488372
1768-01,0.058139535
1768-02,0.351162791
1768-03,-0.109302326
1768-04,-0.193023256
1768-05,0.620930233
1768-06,0.613953488
1768-07,0.037209302
1768-08,0.36744186
1768-09,0.553488372
1768-10,0.623255814
1768-11,0.920930233
1768-12,1.413953488
1769-01,0.53255814
1769-02,0.306976744
1769-03,0.309302326
1769-04,1.062790698
1769-05,0.525581395
1769-06,1.009302326
1769-07,1.572093023
1769-08,1.611627907
1769-09,2.274418605
1769-10,2.493023256
1769-11,2.258139535
1769-12,1.418604651
1770-01,1.23255814
1770-02,2.127906977
1770-03,0.676744186
1770-04,0
1770-05,0.444186047
1770-06,0.751162791
1770-07,1.36744186
1770-08,1.751162791
1770-09,1.241860465
1770-10,1.223255814
1770-11,1.888372093
1770-12,1.193023256
1771-01,-0.348837209
1771-02,-0.111627907
1771-03,-0.1
1771-04,0.323255814
1771-05,2.365116279
1771-06,1.593023256
1771-07,0.388372093
1771-08,0.174418605
1771-09,1.172093023
1771-10,0.906976744
1771-11,1.13255814
1771-12,1.039534884
1772-01,1.160465116
1772-02,0.925581395
1772-03,-0.462790698
1772-04,0.958139535
1772-05,-0.302325581
1772-06,0.139534884
1772-07,0.611627907
1772-08,0.120930233
1772-09,-0.011627907
1772-10,0.641860465
1772-11,0.239534884
1772-12,0.302325581
1773-01,0.08372093
1773-02,-0.511627907
1773-03,0.004651163
1773-04,-0.420930233
1773-05,-0.230232558
1773-06,-0.525581395
1773-07,-0.541860465
1773-08,-0.890697674
1773-09,-0.504651163
1773-10,-0.574418605
1773-11,-0.234883721
1773-12,-0.181395349
1774-01,-0.097674419
1774-02,0.334883721
1774-03,0.109302326
1774-04,-0.16744186
1774-05,0.006976744
1774-06,-0.523255814
1774-07,-0.779069767
1774-08,-1.03255814
1774-09,-1.002325581
1774-10,-0.860465116
1774-11,-0.774418605
1774-12,-0.902325581
1775-01,-1.08372093
1775-02,-1.186046512
1775-03,-0.91627907
1775-04,-0.925581395
1775-05,-1.095348837
1775-06,-0.9
1775-07,-1.162790698
1775-08,-1.002325581
1775-09,-1.111627907
1775-10,-1.055813953
1775-11,-0.834883721
1775-12,-1.002325581
1776-01,-0.681395349
1776-02,-0.91627907
1776-03,-1.039534884
1776-04,-0.679069767
1776-05,-0.925581395
1776-06,-0.744186047
1776-07,-1.162790698
1776-08,-0.623255814
1776-09,-0.813953488
1776-10,-0.488372093
1776-11,-0.372093023
1776-12,-0.255813953
1777-01,-0.139534884
1777-02,-0.337209302
1777-03,-0.279069767
1777-04,1.034883721
1777-05,0.681395349
1777-06,0.690697674
1777-07,1.023255814
1777-08,1.418604651
1777-09,1.51627907
1777-10,1.290697674
1777-11,2.209302326
1777-12,2.472093023
1778-01,2.937209302
1778-02,1.355813953
1778-03,1.930232558
1778-04,2.186046512
1778-05,4.369767442
1778-06,2.804651163
1778-07,2.372093023
1778-08,2.069767442
1778-09,2.806976744
1778-10,2.448837209
1778-11,2.309302326
1778-12,1.255813953
1779-01,1.481395349
1779-02,2.66744186
1779-03,1.558139535
1779-04,2.186046512
1779-05,2.069767442
1779-06,1.458139535
1779-07,2.139534884
1779-08,1.418604651
1779-09,1.395348837
1779-10,1.697674419
1779-11,1.465116279
1779-12,1.372093023
1780-01,0.441860465
1780-02,1.093023256
1780-03,1.093023256
1780-04,1.023255814
1780-05,1.306976744
1780-06,0.860465116
1780-07,0.813953488
1780-08,0.813953488
1780-09,0.993023256
1780-10,0.604651163
1780-11,0.209302326
1780-12,0.179069767
1781-01,1.109302326
1781-02,0.551162791
1781-03,0.046511628
1781-04,0.402325581
1781-05,1.248837209
1781-06,1.086046512
1781-07,0.523255814
1781-08,0.348837209
1781-09,0
1781-10,-0.551162791
1781-11,0.372093023
1781-12,-0.36744186
1782-01,0.069767442
1782-02,-0.313953488
1782-03,-0.325581395
1782-04,-0.23255814
1782-05,0.076744186
1782-06,-0.302325581
1782-07,-0.325581395
1782-08,-0.162790698
1782-09,-0.395348837
1782-10,-0.646511628
1782-11,-0.453488372
1782-12,-0.488372093
1783-01,-0.534883721
1783-02,-0.286046512
1783-03,-0.565116279
1783-04,-0.527906977
1783-05,-0.651162791
1783-06,-0.6
1783-07,-0.437209302
1783-08,-0.720930233
1783-09,-0.76744186
1783-10,-1
1783-11,-0.837209302
1783-12,-0.941860465
1784-01,-0.88372093
1784-02,-1
1784-03,-0.930232558
1784-04,-0.953488372
1784-05,-1.046511628
1784-06,-0.976744186
1784-07,-1.046511628
1784-08,-0.953488372
1784-09,-0.953488372
1784-10,-1
1784-11,-0.790697674
1784-12,-0.860465116
1785-01,-1.034883721
1785-02,-1
1785-03,-0.976744186
1785-04,-0.820930233
1785-05,-0.704651163
1785-06,-0.574418605
1785-07,-0.341860465
1785-08,-0.720930233
1785-09,-0.441860465
1785-10,-0.088372093
1785-11,-0.251162791
1785-12,-0.551162791
1786-01,-0.320930233
1786-02,-0.079069767
1786-03,-0.076744186
1786-04,0.8
1786-05,0.960465116
1786-06,0.186046512
1786-07,0.744186047
1786-08,0.9
1786-09,1.406976744
1786-10,1.425581395
1786-11,1.511627907
1786-12,1.434883721
1787-01,1.946511628
1787-02,1.279069767
1787-03,0.846511628
1787-04,1.772093023
1787-05,1.948837209
1787-06,1.120930233
1787-07,1.790697674
1787-08,2.004651163
1787-09,2.472093023
1787-10,2.465116279
1787-11,2.104651163
1787-12,2.860465116
1788-01,2.023255814
1788-02,1.818604651
1788-03,2.146511628
1788-04,1.337209302
1788-05,1.441860465
1788-06,2.4
1788-07,2.104651163
1788-08,1.976744186
1788-09,2.093023256
1788-10,2.11627907
1788-11,1.01627907
1788-12,1.825581395
1789-01,1.465116279
1789-02,1.727906977
1789-03,1.604651163
1789-04,1.681395349
1789-05,1.686046512
1789-06,1.604651163
1789-07,1.534883721
1789-08,1.209302326
1789-09,1.418604651
1789-10,0.9
1789-11,1.930232558
1789-12,1.965116279
1790-01,1.209302326
1790-02,1.779069767
1790-03,1.053488372
1790-04,1
1790-05,0.976744186
1790-06,0.930232558
1790-07,0.425581395
1790-08,0.837209302
1790-09,0.611627907
1790-10,0.774418605
1790-11,0.720930233
1790-12,0.534883721
1791-01,0.504651163
1791-02,0.255813953
1791-03,0.534883721
1791-04,0.609302326
1791-05,0.527906977
1791-06,0.306976744
1791-07,0.465116279
1791-08,-0.186046512
1791-09,0.360465116
1791-10,0.248837209
1791-11,0.372093023
1791-12,0.348837209
1792-01,0.162790698
1792-02,0.302325581
1792-03,0.279069767
1792-04,0.574418605
1792-05,0.255813953
1792-06,0.23255814
1792-07,-0.120930233
1792-08,0.209302326
1792-09,0.186046512
1792-10,0.186046512
1792-11,0.139534884
1792-12,0.11627907
1793-01,0.11627907
1793-02,0.093023256
1793-03,0.104651163
1793-04,0.046511628
1793-05,0.030232558
1793-06,0
1793-07,-0.023255814
1793-08,-0.504651163
1793-09,-0.627906977
1793-10,-0.093023256
1793-11,-0.162790698
1793-12,-0.123255814
1794-01,-0.139534884
1794-02,-0.162790698
1794-03,-0.302325581
1794-04,-0.525581395
1794-05,0.109302326
1794-06,-0.220930233
1794-07,-0.23255814
1794-08,-0.255813953
1794-09,-0.927906977
1794-10,-0.523255814
1794-11,0.381395349
1794-12,0.009302326
1795-01,-0.688372093
1795-02,-0.258139535
1795-03,-0.893023256
1795-04,-0.753488372
1795-05,-0.465116279
1795-06,-0.788372093
1795-07,-0.886046512
1795-08,-0.588372093
1795-09,-0.872093023
1795-10,-0.73255814
1795-11,-0.604651163
1795-12,-0.76744186
1796-01,-0.674418605
1796-02,-0.63255814
1796-03,-0.820930233
1796-04,-0.448837209
1796-05,-0.697674419
1796-06,-1.030232558
1796-07,-0.560465116
1796-08,-1.151162791
1796-09,-0.758139535
1796-10,-0.930232558
1796-11,-0.990697674
1796-12,-1.06744186
1797-01,-0.851162791
1797-02,-1.088372093
1797-03,-1.093023256
1797-04,-1.093023256
1797-05,-1.01627907
1797-06,-0.927906977
1797-07,-1.086046512
1797-08,-1.046511628
1797-09,-1.053488372
1797-10,-1.025581395
1797-11,-1.051162791
1797-12,-1.11627907
1798-01,-1.139534884
1798-02,-1.093023256
1798-03,-0.897674419
1798-04,-1.160465116
1798-05,-1.186046512
1798-06,-1.186046512
1798-07,-1.186046512
1798-08,-1.11627907
1798-09,-1.130232558
1798-10,-1.151162791
1798-11,-0.895348837
1798-12,-0.955813953
1799-01,-1.148837209
1799-02,-0.893023256
1799-03,-0.681395349
1799-04,-0.990697674
1799-05,-0.995348837
1799-06,-0.939534884
1799-07,-1.137209302
1799-08,-1.186046512
1799-09,-1.186046512
1799-10,-1.079069767
1799-11,-1.123255814
1799-12,-0.986046512
1800-01,-1.025581395
1800-02,-0.969767442
1800-03,-0.862790698
1800-04,-1.186046512
1800-05,-1.069767442
1800-06,-0.634883721
1800-07,-0.697674419
1800-08,-0.73255814
1800-09,-0.918604651
1800-10,-0.9
1800-11,-0.941860465
1800-12,-0.253488372
1801-01,-0.558139535
1801-02,-0.511627907
1801-03,-0.488372093
1801-04,-0.465116279
1801-05,-0.441860465
1801-06,-0.460465116
1801-07,-0.372093023
1801-08,-0.286046512
1801-09,-0.406976744
1801-10,-0.427906977
1801-11,-0.260465116
1801-12,-0.065116279
1802-01,-0.074418605
1802-02,-0.093023256
1802-03,-0.237209302
1802-04,-0.209302326
1802-05,-0.162790698
1802-06,-0.11627907
1802-07,-0.069767442
1802-08,-0.023255814
1802-09,0.018604651
1802-10,-0.290697674
1802-11,-0.38372093
1802-12,-0.023255814
1803-01,-0.023255814
1803-02,-0.004651163
1803-03,-0.5
1803-04,-0.604651163
1803-05,-0.155813953
1803-06,-0.348837209
1803-07,-0.062790698
1803-08,-0.393023256
1803-09,-0.13255814
1803-10,0.076744186
1803-11,0
1803-12,-0.069767442
1804-01,-0.13255814
1804-02,-0.062790698
1804-03,-0.069767442
1804-04,-0.009302326
1804-05,-0.409302326
1804-06,-0.376744186
1804-07,-0.493023256
1804-08,-0.18372093
1804-09,0.046511628
1804-10,0.262790698
1804-11,0.23255814
1804-12,0.209302326
1805-01,0.23255814
1805-02,-0.160465116
1805-03,0.009302326
1805-04,-0.313953488
1805-05,-0.279069767
1805-06,-0.244186047
1805-07,-0.311627907
1805-08,-0.193023256
1805-09,-0.153488372
1805-10,-0.502325581
1805-11,-0.23255814
1805-12,-0.295348837
1806-01,-0.279069767
1806-02,-0.497674419
1806-03,-0.425581395
1806-04,-0.541860465
1806-05,-0.572093023
1806-06,-0.590697674
1806-07,-0.488372093
1806-08,-0.574418605
1806-09,-0.627906977
1806-10,-0.558139535
1806-11,-0.604651163
1806-12,-0.627906977
1807-01,-0.906976744
1807-02,-0.902325581
1807-03,-0.962790698
1807-04,-0.63255814
1807-05,-0.953488372
1807-06,-0.906976744
1807-07,-0.890697674
1807-08,-0.906976744
1807-09,-1.053488372
1807-10,-1
1807-11,-1.125581395
1807-12,-1.186046512
1808-01,-1.186046512
1808-02,-1.081395349
1808-03,-1.186046512
1808-04,-0.9
1808-05,-0.872093023
1808-06,-0.872093023
1808-07,-1.030232558
1808-08,-1
1808-09,-0.913953488
1808-10,-1.076744186
1808-11,-0.941860465
1808-12,-0.9
1809-01,-1.018604651
1809-02,-0.972093023
1809-03,-1.165116279
1809-04,-1.127906977
1809-05,-1.139534884
1809-06,-1.006976744
1809-07,-1.179069767
1809-08,-1.181395349
1809-09,-1.176744186
1809-10,-1.186046512
1809-11,-1.186046512
1809-12,-1.186046512
1810-01,-1.186046512
1810-02,-1.186046512
1810-03,-1.186046512
1810-04,-1.186046512
1810-05,-1.186046512
1810-06,-1.186046512
1810-07,-1.186046512
1810-08,-1.186046512
1810-09,-1.186046512
1810-10,-1.186046512
1810-11,-1.186046512
1810-12,-1.186046512
1811-01,-1.186046512
1811-02,-1.186046512
1811-03,-1.186046512
1811-04,-1.186046512
1811-05,-1.186046512
1811-06,-1.186046512
1811-07,-1.03255814
1811-08,-1.186046512
1811-09,-1.130232558
1811-10,-1.044186047
1811-11,-1.16744186
1811-12,-1.160465116
1812-01,-0.923255814
1812-02,-1.141860465
1812-03,-1.169767442
1812-04,-1.186046512
1812-05,-1.162790698
1812-06,-1.155813953
1812-07,-1.174418605
1812-08,-0.823255814
1812-09,-1.065116279
1812-10,-1.095348837
1812-11,-1.002325581
1812-12,-0.951162791
1813-01,-1.186046512
1813-02,-0.946511628
1813-03,-1.141860465
1813-04,-0.8
1813-05,-1.058139535
1813-06,-0.925581395
1813-07,-0.760465116
1813-08,-0.990697674
1813-09,-0.830232558
1813-10,-0.539534884
1813-11,-0.797674419
1813-12,-0.853488372
1814-01,-0.669767442
1814-02,-0.906976744
1814-03,-1.053488372
1814-04,-0.63255814
1814-05,-1.051162791
1814-06,-0.839534884
1814-07,-0.755813953
1814-08,-1.13255814
1814-09,-0.997674419
1814-10,-0.737209302
1814-11,-0.848837209
1814-12,-0.718604651
1815-01,-0.739534884
1815-02,-0.437209302
1815-03,-0.576744186
1815-04,-0.451162791
1815-05,-0.958139535
1815-06,0.113953488
1815-07,-0.360465116
1815-08,-0.088372093
1815-09,-0.453488372
1815-10,-0.406976744
1815-11,-0.320930233
1815-12,0.325581395
1816-01,-0.574418605
1816-02,0.413953488
1816-03,0.527906977
1816-04,0.181395349
1816-05,-0.155813953
1816-06,-0.172093023
1816-07,-0.28372093
1816-08,-0.646511628
1816-09,-0.074418605
1816-10,0.125581395
1816-11,-0.3
1816-12,-0.490697674
1817-01,-0.339534884
1817-02,0.160465116
1817-03,1.051162791
1817-04,-0.572093023
1817-05,-0.693023256
1817-06,-0.255813953
1817-07,-0.023255814
1817-08,-0.139534884
1817-09,-0.33255814
1817-10,-0.590697674
1817-11,-0.513953488
1817-12,-0.525581395
1818-01,-0.374418605
1818-02,-0.665116279
1818-03,-0.595348837
1818-04,-0.38372093
1818-05,0.048837209
1818-06,-0.339534884
1818-07,-0.534883721
1818-08,-0.453488372
1818-09,-0.579069767
1818-10,-0.448837209
1818-11,-0.93255814
1818-12,-0.586046512
1819-01,-0.430232558
1819-02,-0.704651163
1819-03,-1.1
1819-04,-0.71627907
1819-05,-0.730232558
1819-06,-0.372093023
1819-07,-0.455813953
1819-08,-0.579069767
1819-09,-0.839534884
1819-10,-0.546511628
1819-11,-0.602325581
1819-12,-0.474418605
1820-01,-0.739534884
1820-02,-0.56744186
1820-03,-1.081395349
1820-04,-0.734883721
1820-05,-0.504651163
1820-06,-0.934883721
1820-07,-0.706976744
1820-08,-0.58372093
1820-09,-1.065116279
1820-10,-0.976744186
1820-11,-1.002325581
1820-12,-0.960465116
1821-01,-0.686046512
1821-02,-1.086046512
1821-03,-1.053488372
1821-04,-0.972093023
1821-05,-1.146511628
1821-06,-1.144186047
1821-07,-1.127906977
1821-08,-1.074418605
1821-09,-1.08372093
1821-10,-0.748837209
1821-11,-1.08372093
1821-12,-1.186046512
1822-01,-1.186046512
1822-02,-1.165116279
1822-03,-0.811627907
1822-04,-0.872093023
1822-05,-1.151162791
1822-06,-1.055813953
1822-07,-1.002325581
1822-08,-1.137209302
1822-09,-1.186046512
1822-10,-1.176744186
1822-11,-1.186046512
1822-12,-1.186046512
1823-01,-1.186046512
1823-02,-1.186046512
1823-03,-1.172093023
1823-04,-1.186046512
1823-05,-1.186046512
1823-06,-1.186046512
1823-07,-1.174418605
1823-08,-1.186046512
1823-09,-1.186046512
1823-10,-1.186046512
1823-11,-1.186046512
1823-12,-0.711627907
1824-01,-0.68372093
1824-02,-0.934883721
1824-03,-1.186046512
1824-04,-0.734883721
1824-05,-1.120930233
1824-06,-1.186046512
1824-07,-1.186046512
1824-08,-1.153488372
1824-09,-0.709302326
1824-10,-0.6
1824-11,-1.186046512
1824-12,-1.16744186
1825-01,-1.069767442
1825-02,-0.825581395
1825-03,-0.665116279
1825-04,-1.097674419
1825-05,-0.827906977
1825-06,-0.827906977
1825-07,-0.46744186
1825-08,-0.595348837
1825-09,-0.820930233
1825-10,-0.823255814
1825-11,-0.913953488
1825-12,-0.674418605
1826-01,-0.774418605
1826-02,-0.762790698
1826-03,-0.33255814
1826-04,-0.627906977
1826-05,-0.43255814
1826-06,-0.323255814
1826-07,0.034883721
1826-08,-0.265116279
1826-09,-0.746511628
1826-10,-0.009302326
1826-11,-0.26744186
1826-12,0.397674419
1827-01,-0.381395349
1827-02,-0.08372093
1827-03,0.158139535
1827-04,-0.11627907
1827-05,0.123255814
1827-06,0.13255814
1827-07,-0.188372093
1827-08,0.062790698
1827-09,-0.03255814
1827-10,0.144186047
1827-11,-0.065116279
1827-12,-0.113953488
1828-01,0.041860465
1828-02,0.311627907
1828-03,0.325581395
1828-04,0.234883721
1828-05,0.886046512
1828-06,1.093023256
1828-07,0.076744186
1828-08,0.590697674
1828-09,-0.013953488
1828-10,0.086046512
1828-11,0.139534884
1828-12,-0.102325581
1829-01,-0.186046512
1829-02,-0.037209302
1829-03,0.495348837
1829-04,1.023255814
1829-05,0.38372093
1829-06,0.53255814
1829-07,0.925581395
1829-08,0.634883721
1829-09,0.041860465
1829-10,0.144186047
1829-11,0.386046512
1829-12,0.127906977
1830-01,0.027906977
1830-02,0.490697674
1830-03,0.781395349
1830-04,1.304651163
1830-05,0.355813953
1830-06,0.327906977
1830-07,-0.165116279
1830-08,-0.006976744
1830-09,0.258139535
1830-10,0.776744186
1830-11,0.702325581
1830-12,0.723255814
1831-01,-0.081395349
1831-02,-0.020930233
1831-03,0.986046512
1831-04,0.08372093
1831-05,-0.3
1831-06,-0.409302326
1831-07,-0.134883721
1831-08,0.090697674
1831-09,-0.304651163
1831-10,-0.111627907
1831-11,-0.174418605
1831-12,-0.513953488
1832-01,-0.46744186
1832-02,0.104651163
1832-03,0.095348837
1832-04,-0.560465116
1832-05,-0.225581395
1832-06,-0.565116279
1832-07,-0.862790698
1832-08,-0.979069767
1832-09,-0.995348837
1832-10,-0.695348837
1832-11,-0.853488372
1832-12,-0.546511628
1833-01,-0.923255814
1833-02,-0.839534884
1833-03,-0.911627907
1833-04,-1.120930233
1833-05,-0.886046512
1833-06,-1.162790698
1833-07,-1.023255814
1833-08,-1.053488372
1833-09,-0.91627907
1833-10,-1.011627907
1833-11,-1.048837209
1833-12,-0.955813953
1834-01,-1.072093023
1834-02,-0.765116279
1834-03,-1.095348837
1834-04,-1.153488372
1834-05,-0.981395349
1834-06,-1.004651163
1834-07,-0.98372093
1834-08,-1.093023256
1834-09,-0.918604651
1834-10,-0.609302326
1834-11,-0.476744186
1834-12,-0.38372093
1835-01,-1.011627907
1835-02,-0.61627907
1835-03,-0.727906977
1835-04,0.244186047
1835-05,-0.172093023
1835-06,-0.413953488
1835-07,0.204651163
1835-08,0.186046512
1835-09,1.158139535
1835-10,1.027906977
1835-11,1.139534884
1835-12,0.61627907
1836-01,0.874418605
1836-02,1.31627907
1836-03,1.095348837
1836-04,2.137209302
1836-05,1.404651163
1836-06,1.713953488
1836-07,1.527906977
1836-08,1.320930233
1836-09,1.025581395
1836-10,2.009302326
1836-11,1.625581395
1836-12,3.609302326
1837-01,3.186046512
1837-02,2.897674419
1837-03,1.944186047
1837-04,2.027906977
1837-05,1.402325581
1837-06,2.488372093
1837-07,2.6
1837-08,1.930232558
1837-09,1.053488372
1837-10,1.690697674
1837-11,1.302325581
1837-12,1.83255814
1838-01,2.18372093
1838-02,0.786046512
1838-03,2.088372093
1838-04,1.758139535
1838-05,2.013953488
1838-06,1.011627907
1838-07,1.330232558
1838-08,0.646511628
1838-09,0.525581395
1838-10,0.925581395
1838-11,0.613953488
1838-12,0.669767442
1839-01,1.31627907
1839-02,1.197674419
1839-03,0.620930233
1839-04,0.251162791
1839-05,0.065116279
1839-06,0.08372093
1839-07,0.78372093
1839-08,1.865116279
1839-09,1.9
1839-10,0.925581395
1839-11,0.413953488
1839-12,0.293023256
1840-01,0.702325581
1840-02,0.853488372
1840-03,0.104651163
1840-04,0.346511628
1840-05,0.423255814
1840-06,-0.058139535
1840-07,0.225581395
1840-08,0.158139535
1840-09,0.534883721
1840-10,-0.027906977
1840-11,0.076744186
1840-12,0.062790698
1841-01,-0.627906977
1841-02,-0.490697674
1841-03,-0.495348837
1841-04,-0.195348837
1841-05,0.381395349
1841-06,0.109302326
1841-07,-0.469767442
1841-08,-0.272093023
1841-09,-0.369767442
1841-10,-0.523255814
1841-11,-0.725581395
1841-12,-0.28372093
1842-01,-0.711627907
1842-02,-0.672093023
1842-03,-0.681395349
1842-04,-0.560465116
1842-05,-0.606976744
1842-06,-0.709302326
1842-07,-0.893023256
1842-08,-0.569767442
1842-09,-0.755813953
1842-10,-0.3
1842-11,-0.244186047
1842-12,-0.776744186
1843-01,-0.876744186
1843-02,-1.104651163
1843-03,-0.993023256
1843-04,-0.981395349
1843-05,-0.695348837
1843-06,-0.941860465
1843-07,-0.965116279
1843-08,-0.911627907
1843-09,-1.088372093
1843-10,-1.062790698
1843-11,-0.741860465
1843-12,-0.890697674
1844-01,-0.96744186
1844-02,-0.844186047
1844-03,-0.869767442
1844-04,-0.702325581
1844-05,-0.906976744
1844-06,-1.1
1844-07,-0.693023256
1844-08,-0.630232558
1844-09,-1.025581395
1844-10,-0.686046512
1844-11,-0.937209302
1844-12,-0.68372093
1845-01,-0.588372093
1845-02,-0.172093023
1845-03,-0.179069767
1845-04,0.137209302
1845-05,-0.074418605
1845-06,-0.462790698
1845-07,-0.474418605
1845-08,-0.434883721
1845-09,-0.497674419
1845-10,-0.239534884
1845-11,-0.269767442
1845-12,0.202325581
1846-01,-0.286046512
1846-02,0
1846-03,0.3
1846-04,0.423255814
1846-05,0.206976744
1846-06,0.327906977
1846-07,-0.104651163
1846-08,0.088372093
1846-09,1.304651163
1846-10,0.113953488
1846-11,0.218604651
1846-12,0.337209302
1847-01,0.269767442
1847-02,-0.141860465
1847-03,0.806976744
1847-04,-0.146511628
1847-05,0.56744186
1847-06,0.797674419
1847-07,0.027906977
1847-08,2.08372093
1847-09,2.562790698
1847-10,3.009302326
1847-11,2.044186047
1847-12,1.362790698
1848-01,2.513953488
1848-02,1.413953488
1848-03,1.346511628
1848-04,1.304651163
1848-05,1.190697674
1848-06,1.693023256
1848-07,2.051162791
1848-08,1.895348837
1848-09,1.146511628
1848-10,1.893023256
1848-11,1.479069767
1848-12,2.53255814
1849-01,2.458139535
1849-02,1.876744186
1849-03,1.058139535
1849-04,1.197674419
1849-05,0.688372093
1849-06,0.702325581
1849-07,0.627906977
1849-08,0.239534884
1849-09,0.993023256
1849-10,0.476744186
1849-11,1.13255814
1849-12,1.069767442
1850-01,0.627906977
1850-02,0.893023256
1850-03,0.734883721
1850-04,-0.160465116
1850-05,0.246511628
1850-06,0.441860465
1850-07,-0.276744186
1850-08,0.246511628
1850-09,0.818604651
1850-10,0.465116279
1850-11,0.088372093
1850-12,0.209302326
1851-01,0.569767442
1851-02,1.265116279
1851-03,0.31627907
1851-04,0.127906977
1851-05,0.269767442
1851-06,0.28372093
1851-07,-0.346511628
1851-08,0.148837209
1851-09,0.393023256
1851-10,0.26744186
1851-11,-0.002325581
1851-12,0.474418605
1852-01,0.404651163
1852-02,0.38372093
1852-03,0.237209302
1852-04,0.334883721
1852-05,0.090697674
1852-06,-0.095348837
1852-07,-0.209302326
1852-08,-0.262790698
1852-09,-0.313953488
1852-10,0.379069767
1852-11,0.076744186
1852-12,-0.130232558
1853-01,-0.230232558
1853-02,-0.188372093
1853-03,-0.309302326
1853-04,-0.079069767
1853-05,-0.379069767
1853-06,-0.255813953
1853-07,-0.118604651
1853-08,-0.013953488
1853-09,-0.406976744
1853-10,-0.202325581
1853-11,-0.51627907
1853-12,-0.641860465
1854-01,-0.827906977
1854-02,-0.720930233
1854-03,-0.704651163
1854-04,-0.572093023
1854-05,-0.627906977
1854-06,-0.695348837
1854-07,-0.751162791
1854-08,-0.818604651
1854-09,-0.665116279
1854-10,-0.890697674
1854-11,-0.530232558
1854-12,-0.688372093
1855-01,-0.9
1855-02,-0.920930233
1855-03,-0.781395349
1855-04,-1.08372093
1855-05,-0.974418605
1855-06,-1.062790698
1855-07,-1.176744186
1855-08,-1.113953488
1855-09,-1.186046512
1855-10,-0.960465116
1855-11,-1.086046512
1855-12,-1.113953488
1856-01,-1.174418605
1856-02,-1.072093023
1856-03,-1.176744186
1856-04,-1.034883721
1856-05,-1.186046512
1856-06,-1.069767442
1856-07,-1.079069767
1856-08,-1.048837209
1856-09,-1.08372093
1856-10,-1.081395349
1856-11,-1.006976744
1856-12,-1.018604651
1857-01,-0.86744186
1857-02,-1.013953488
1857-03,-1.065116279
1857-04,-0.927906977
1857-05,-0.506976744
1857-06,-0.813953488
1857-07,-0.669767442
1857-08,-0.793023256
1857-09,-0.2
1857-10,-0.241860465
1857-11,-0.455813953
1857-12,-0.320930233
1858-01,-0.279069767
1858-02,-0.374418605
1858-03,0.151162791
1858-04,-0.295348837
1858-05,-0.223255814
1858-06,-0.151162791
1858-07,0.13255814
1858-08,0.1
1858-09,0.676744186
1858-10,0.934883721
1858-11,0.020930233
1858-12,0.369767442
1859-01,0.760465116
1859-02,0.851162791
1859-03,0.913953488
1859-04,0.806976744
1859-05,0.930232558
1859-06,0.839534884
1859-07,1.027906977
1859-08,1.297674419
1859-09,1.274418605
1859-10,1.479069767
1859-11,1.074418605
1859-12,0.697674419
1860-01,0.709302326
1860-02,0.860465116
1860-03,1.113953488
1860-04,0.474418605
1860-05,1.304651163
1860-06,1.339534884
1860-07,1.527906977
1860-08,1.146511628
1860-09,0.958139535
1860-10,0.909302326
1860-11,1.090697674
1860-12,1.037209302
1861-01,0.262790698
1861-02,0.623255814
1861-03,1.162790698
1861-04,1.104651163
1861-05,0.134883721
1861-06,0.855813953
1861-07,0.627906977
1861-08,0.73255814
1861-09,0.672093023
1861-10,0.376744186
1861-11,0.062790698
1861-12,0.686046512
1862-01,0.281395349
1862-02,0.313953488
1862-03,-0.172093023
1862-04,0.062790698
1862-05,0.311627907
1862-06,0.76744186
1862-07,0.520930233
1862-08,0.26744186
1862-09,0.362790698
1862-10,-0.209302326
1862-11,-0.009302326
1862-12,-0.234883721
1863-01,-0.062790698
1863-02,0.13255814
1863-03,0.358139535
1863-04,-0.241860465
1863-05,0.065116279
1863-06,-0.237209302
1863-07,-0.425581395
1863-08,-0.06744186
1863-09,-0.674418605
1863-10,-0.258139535
1863-11,-0.309302326
1863-12,-0.227906977
1864-01,0.155813953
1864-02,-0.090697674
1864-03,0.355813953
1864-04,-0.353488372
1864-05,-0.241860465
1864-06,0.158139535
1864-07,0.086046512
1864-08,0.088372093
1864-09,-0.523255814
1864-10,-0.397674419
1864-11,0.153488372
1864-12,-0.520930233
1865-01,-0.053488372
1865-02,-0.272093023
1865-03,-0.26744186
1865-04,-0.502325581
1865-05,-0.38372093
1865-06,-0.404651163
1865-07,-0.562790698
1865-08,-0.306976744
1865-09,-0.68372093
1865-10,-0.788372093
1865-11,-0.613953488
1865-12,-0.888372093
1866-01,-0.451162791
1866-02,-0.293023256
1866-03,-0.613953488
1866-04,-0.776744186
1866-05,-0.886046512
1866-06,-0.802325581
1866-07,-0.969767442
1866-08,-0.890697674
1866-09,-1.01627907
1866-10,-0.858139535
1866-11,-0.976744186
1866-12,-1.151162791
1867-01,-1.186046512
1867-02,-1.169767442
1867-03,-0.972093023
1867-04,-1.06744186
1867-05,-1.118604651
1867-06,-1.151162791
1867-07,-1.069767442
1867-08,-1.072093023
1867-09,-0.958139535
1867-10,-0.872093023
1867-11,-0.969767442
1867-12,-0.6
1868-01,-0.823255814
1868-02,-0.818604651
1868-03,-0.569767442
1868-04,-0.334883721
1868-05,-0.565116279
1868-06,-0.462790698
1868-07,-0.520930233
1868-08,-0.386046512
1868-09,-0.16744186
1868-10,0.248837209
1868-11,0.188372093
1868-12,0.386046512
1869-01,0.230232558
1869-02,0.193023256
1869-03,0.039534884
1869-04,-0.23255814
1869-05,1.23255814
1869-06,1.334883721
1869-07,0.190697674
1869-08,0.665116279
1869-09,0.688372093
1869-10,0.195348837
1869-11,0.613953488
1869-12,1.239534884
1870-01,0.611627907
1870-02,1.486046512
1870-03,2.520930233
1870-04,2.534883721
1870-05,2.906976744
1870-06,1.96744186
1870-07,1.893023256
1870-08,2.390697674
1870-09,1.976744186
1870-10,2.218604651
1870-11,2.244186047
1870-12,1.837209302
1871-01,0.86744186
1871-02,1.727906977
1871-03,2.144186047
1871-04,2.590697674
1871-05,2.197674419
1871-06,0.946511628
1871-07,1.209302326
1871-08,1.372093023
1871-09,0.681395349
1871-10,0.88372093
1871-11,1.265116279
1871-12,0.913953488
1872-01,0.662790698
1872-02,1.606976744
1872-03,0.869767442
1872-04,1.188372093
1872-05,1.31627907
1872-06,1.369767442
1872-07,1.26744186
1872-08,0.974418605
1872-09,1.479069767
1872-10,1.220930233
1872-11,1.418604651
1872-12,0.765116279
1873-01,0.830232558
1873-02,1.302325581
1873-03,1.1
1873-04,0.586046512
1873-05,-0.072093023
1873-06,-0.144186047
1873-07,0.369767442
1873-08,0.4
1873-09,-0.081395349
1873-10,-0.08372093
1873-11,0.102325581
1873-12,-0.041860465
1874-01,0.227906977
1874-02,0.306976744
1874-03,-0.106976744
1874-04,-0.441860465
1874-05,-0.148837209
1874-06,-0.297674419
1874-07,0.390697674
1874-08,0.239534884
1874-09,-0.534883721
1874-10,-0.388372093
1874-11,-0.513953488
1874-12,-0.504651163
1875-01,-0.846511628
1875-02,-0.669767442
1875-03,-0.4
1875-04,-0.509302326
1875-05,-0.918604651
1875-06,-0.630232558
1875-07,-0.895348837
1875-08,-0.846511628
1875-09,-1.130232558
1875-10,-0.890697674
1875-11,-0.774418605
1875-12,-0.955813953
1876-01,-0.853488372
1876-02,-0.837209302
1876-03,-0.460465116
1876-04,-1.13255814
1876-05,-1.06744186
1876-06,-1.148837209
1876-07,-0.83255814
1876-08,-0.981395349
1876-09,-0.955813953
1876-10,-0.853488372
1876-11,-0.955813953
1876-12,-0.995348837
1877-01,-0.618604651
1877-02,-0.98372093
1877-03,-0.913953488
1877-04,-0.818604651
1877-05,-0.693023256
1877-06,-0.874418605
1877-07,-1.048837209
1877-08,-1.039534884
1877-09,-0.804651163
1877-10,-1.030232558
1877-11,-0.848837209
1877-12,-1.13255814
1878-01,-1.109302326
1878-02,-1.046511628
1878-03,-1.004651163
1878-04,-1.18372093
1878-05,-1.051162791
1878-06,-1.037209302
1878-07,-1.18372093
1878-08,-1.186046512
1878-09,-1.062790698
1878-10,-1.160465116
1878-11,-1.090697674
1878-12,-1.174418605
1879-01,-1.16744186
1879-02,-1.172093023
1879-03,-1.186046512
1879-04,-1.041860465
1879-05,-1.130232558
1879-06,-1.074418605
1879-07,-1.011627907
1879-08,-0.937209302
1879-09,-1.044186047
1879-10,-0.9
1879-11,-0.886046512
1879-12,-1.018604651
1880-01,-0.627906977
1880-02,-0.546511628
1880-03,-0.73255814
1880-04,-0.737209302
1880-05,-0.639534884
1880-06,-0.393023256
1880-07,-0.676744186
1880-08,-0.06744186
1880-09,0.348837209
1880-10,-0.186046512
1880-11,-0.472093023
1880-12,-0.497674419
1881-01,-0.339534884
1881-02,0.051162791
1881-03,0.011627907
1881-04,0.01627907
1881-05,-0.174418605
1881-06,0.220930233
1881-07,0.602325581
1881-08,0.162790698
1881-09,0.051162791
1881-10,0.302325581
1881-11,0.088372093
1881-12,-0.086046512
1882-01,-0.139534884
1882-02,0.425581395
1882-03,0.38372093
1882-04,1.041860465
1882-05,0.304651163
1882-06,-0.134883721
1882-07,-0.130232558
1882-08,-0.246511628
1882-09,0.155813953
1882-10,0.190697674
1882-11,0.776744186
1882-12,-0.213953488
1883-01,0.223255814
1883-02,-0.095348837
1883-03,-0.190697674
1883-04,0.723255814
1883-05,-0.439534884
1883-06,0.593023256
1883-07,0.688372093
1883-08,-0.11627907
1883-09,0.037209302
1883-10,0.762790698
1883-11,0.779069767
1883-12,0.579069767
1884-01,0.941860465
1884-02,0.834883721
1884-03,0.83255814
1884-04,0.58372093
1884-05,0.360465116
1884-06,0.004651163
1884-07,0.048837209
1884-08,0.111627907
1884-09,0.253488372
1884-10,-0.074418605
1884-11,-0.334883721
1884-12,-0.088372093
1885-01,-0.190697674
1885-02,0.48372093
1885-03,-0.027906977
1885-04,0.093023256
1885-05,0.511627907
1885-06,0.760465116
1885-07,0.360465116
1885-08,-0.023255814
1885-09,-0.265116279
1885-10,-0.286046512
1885-11,-0.411627907
1885-12,-0.681395349
1886-01,-0.490697674
1886-02,-0.58372093
1886-03,0.146511628
1886-04,-0.169767442
1886-05,-0.472093023
1886-06,-0.555813953
1886-07,-0.481395349
1886-08,-0.793023256
1886-09,-0.688372093
1886-10,-0.986046512
1886-11,-1.179069767
1886-12,-0.897674419
1887-01,-0.946511628
1887-02,-0.879069767
1887-03,-1.088372093
1887-04,-1.025581395
1887-05,-0.720930233
1887-06,-0.820930233
1887-07,-0.644186047
1887-08,-0.688372093
1887-09,-1.013953488
1887-10,-1.03255814
1887-11,-1.025581395
1887-12,-0.704651163
1888-01,-0.890697674
1888-02,-1.020930233
1888-03,-1.004651163
1888-04,-1.06744186
1888-05,-1.023255814
1888-06,-1.020930233
1888-07,-1.113953488
1888-08,-1.120930233
1888-09,-0.981395349
1888-10,-1.137209302
1888-11,-0.937209302
1888-12,-1.030232558
1889-01,-1.16744186
1889-02,-0.988372093
1889-03,-1.023255814
1889-04,-1.086046512
1889-05,-1.130232558
1889-06,-1.037209302
1889-07,-0.960465116
1889-08,-0.706976744
1889-09,-1.034883721
1889-10,-1.137209302
1889-11,-1.181395349
1889-12,-1.030232558
1890-01,-1.062790698
1890-02,-1.172093023
1890-03,-1.06744186
1890-04,-1.148837209
1890-05,-1.074418605
1890-06,-1.155813953
1890-07,-0.91627907
1890-08,-0.988372093
1890-09,-0.786046512
1890-10,-0.925581395
1890-11,-0.962790698
1890-12,-1.004651163
1891-01,-0.872093023
1891-02,-0.669767442
1891-03,-0.944186047
1891-04,-0.709302326
1891-05,-0.230232558
1891-06,-0.062790698
1891-07,0.181395349
1891-08,-0.413953488
1891-09,0.065116279
1891-10,0.011627907
1891-11,-0.211627907
1891-12,-0.434883721
1892-01,0.420930233
1892-02,0.572093023
1892-03,-0.025581395
1892-04,0.43255814
1892-05,0.665116279
1892-06,0.588372093
1892-07,0.6
1892-08,1.172093023
1892-09,0.274418605
1892-10,0.453488372
1892-11,0.334883721
1892-12,0.641860465
1893-01,0.558139535
1893-02,0.511627907
1893-03,0.341860465
1893-04,0.862790698
1893-05,0.78372093
1893-06,0.865116279
1893-07,0.879069767
1893-08,1.818604651
1893-09,0.625581395
1893-10,0.66744186
1893-11,0.560465116
1893-12,0.995348837
1894-01,0.748837209
1894-02,0.781395349
1894-03,0.030232558
1894-04,0.711627907
1894-05,1.16744186
1894-06,1.113953488
1894-07,1.279069767
1894-08,0.448837209
1894-09,0.346511628
1894-10,0.569767442
1894-11,0.130232558
1894-12,0.209302326
1895-01,0.286046512
1895-02,0.376744186
1895-03,0.23255814
1895-04,0.602325581
1895-05,0.38372093
1895-06,0.476744186
1895-07,-0.074418605
1895-08,0.41627907
1895-09,0.155813953
1895-10,0.393023256
1895-11,-0.088372093
1895-12,0.458139535
1896-01,-0.511627907
1896-02,0.148837209
1896-03,0.023255814
1896-04,-0.16744186
1896-05,-0.541860465
1896-06,-0.046511628
1896-07,-0.139534884
1896-08,-0.553488372
1896-09,0.239534884
1896-10,-0.525581395
1896-11,-0.302325581
1896-12,-0.195348837
1897-01,-0.241860465
1897-02,-0.502325581
1897-03,-0.509302326
1897-04,-0.465116279
1897-05,-0.720930233
1897-06,-0.923255814
1897-07,-0.544186047
1897-08,-0.679069767
1897-09,-0.06744186
1897-10,-0.853488372
1897-11,-0.990697674
1897-12,-0.411627907
1898-01,-0.48372093
1898-02,-0.339534884
1898-03,-0.295348837
1898-04,-0.848837209
1898-05,-0.586046512
1898-06,-0.66744186
1898-07,-0.976744186
1898-08,-0.455813953
1898-09,-0.376744186
1898-10,-0.386046512
1898-11,-0.46744186
1898-12,-0.893023256
1899-01,-0.73255814
1899-02,-0.972093023
1899-03,-0.765116279
1899-04,-0.855813953
1899-05,-1.006976744
1899-06,-0.709302326
1899-07,-0.872093023
1899-08,-1.118604651
1899-09,-0.990697674
1899-10,-0.88372093
1899-11,-1.004651163
1899-12,-0.941860465
1900-01,-0.96744186
1900-02,-0.869767442
1900-03,-0.986046512
1900-04,-0.813953488
1900-05,-0.83255814
1900-06,-0.904651163
1900-07,-0.993023256
1900-08,-1.086046512
1900-09,-0.993023256
1900-10,-0.886046512
1900-11,-1.081395349
1900-12,-1.179069767
1901-01,-1.181395349
1901-02,-1.130232558
1901-03,-1.081395349
1901-04,-1.186046512
1901-05,-0.948837209
1901-06,-1.051162791
1901-07,-1.169767442
1901-08,-1.162790698
1901-09,-1.172093023
1901-10,-1.1
1901-11,-1.097674419
1901-12,-1.186046512
1902-01,-1.065116279
1902-02,-1.186046512
1902-03,-0.897674419
1902-04,-1.186046512
1902-05,-1.120930233
1902-06,-1.153488372
1902-07,-1.165116279
1902-08,-1.13255814
1902-09,-1.009302326
1902-10,-0.806976744
1902-11,-0.946511628
1902-12,-1.160465116
1903-01,-0.993023256
1903-02,-0.790697674
1903-03,-0.872093023
1903-04,-0.579069767
1903-05,-0.846511628
1903-06,-0.806976744
1903-07,-0.537209302
1903-08,-0.51627907
1903-09,-0.927906977
1903-10,-0.281395349
1903-11,-0.151162791
1903-12,-0.125581395
1904-01,-0.451162791
1904-02,-0.61627907
1904-03,-0.320930233
1904-04,-0.186046512
1904-05,-0.26744186
1904-06,-0.211627907
1904-07,-0.009302326
1904-08,0.16744186
1904-09,-0.486046512
1904-10,0.074418605
1904-11,-0.302325581
1904-12,0.08372093
1905-01,0.088372093
1905-02,0.809302326
1905-03,0.127906977
1905-04,-0.272093023
1905-05,-0.069767442
1905-06,-0.046511628
1905-07,0.511627907
1905-08,0.181395349
1905-09,0.093023256
1905-10,0.644186047
1905-11,1.306976744
1905-12,0.104651163
1906-01,-0.127906977
1906-02,-0.458139535
1906-03,0.313953488
1906-04,0.1
1906-05,0.155813953
1906-06,0.28372093
1906-07,1.223255814
1906-08,-0.076744186
1906-09,0.118604651
1906-10,-0.772093023
1906-11,-0.281395349
1906-12,0.318604651
1907-01,0.590697674
1907-02,1.330232558
1907-03,0.225581395
1907-04,0.037209302
1907-05,-0.188372093
1907-06,-0.246511628
1907-07,-0.030232558
1907-08,0.076744186
1907-09,0.790697674
1907-10,0.334883721
1907-11,0.244186047
1907-12,-0.086046512
1908-01,-0.274418605
1908-02,-0.397674419
1908-03,-0.518604651
1908-04,0.153488372
1908-05,-0.237209302
1908-06,-0.06744186
1908-07,-0.26744186
1908-08,0.918604651
1908-09,0.834883721
1908-10,-0.434883721
1908-11,-0.127906977
1908-12,-0.26744186
1909-01,0.13255814
1909-02,-0.102325581
1909-03,0.355813953
1909-04,-0.434883721
1909-05,-0.348837209
1909-06,-0.660465116
1909-07,-0.353488372
1909-08,-0.648837209
1909-09,-0.28372093
1909-10,0.172093023
1909-11,0.111627907
1909-12,0.074418605
1910-01,-0.572093023
1910-02,-0.453488372
1910-03,-0.688372093
1910-04,-0.990697674
1910-05,-0.669767442
1910-06,-0.9
1910-07,-0.858139535
1910-08,-0.918604651
1910-09,-0.576744186
1910-10,-0.295348837
1910-11,-1.072093023
1910-12,-1.051162791
1911-01,-1.106976744
1911-02,-0.976744186
1911-03,-1.004651163
1911-04,-0.802325581
1911-05,-0.976744186
1911-06,-1.134883721
1911-07,-1.104651163
1911-08,-1.093023256
1911-09,-1.093023256
1911-10,-1.125581395
1911-11,-1.088372093
1911-12,-1.134883721
1912-01,-1.179069767
1912-02,-1.186046512
1912-03,-1.072093023
1912-04,-1.081395349
1912-05,-1.08372093
1912-06,-1.090697674
1912-07,-1.11627907
1912-08,-1.179069767
1912-09,-0.965116279
1912-10,-1.079069767
1912-11,-1.160465116
1912-12,-1.037209302
1913-01,-1.13255814
1913-02,-1.118604651
1913-03,-1.174418605
1913-04,-1.165116279
1913-05,-1.186046512
1913-06,-1.186046512
1913-07,-1.146511628
1913-08,-1.181395349
1913-09,-1.158139535
1913-10,-1.113953488
1913-11,-1.169767442
1913-12,-1.097674419
1914-01,-1.120930233
1914-02,-1.125581395
1914-03,-1.113953488
1914-04,-0.78372093
1914-05,-1.065116279
1914-06,-0.920930233
1914-07,-1.060465116
1914-08,-1.006976744
1914-09,-0.890697674
1914-10,-0.995348837
1914-11,-0.804651163
1914-12,-0.66744186
1915-01,-0.651162791
1915-02,-0.202325581
1915-03,-0.28372093
1915-04,-0.225581395
1915-05,-0.418604651
1915-06,0.413953488
1915-07,0.479069767
1915-08,0.43255814
1915-09,-0.034883721
1915-10,0.058139535
1915-11,-0.197674419
1915-12,-0.38372093
1916-01,-0.13255814
1916-02,0.102325581
1916-03,0.372093023
1916-04,0.48372093
1916-05,0.546511628
1916-06,0.388372093
1916-07,0.058139535
1916-08,-0.36744186
1916-09,-0.137209302
1916-10,-0.006976744
1916-11,0.339534884
1916-12,0.046511628
1917-01,0.551162791
1917-02,0.486046512
1917-03,1.018604651
1917-04,0.551162791
1917-05,1.46744186
1917-06,1.486046512
1917-07,1.6
1917-08,2.406976744
1917-09,1.823255814
1917-10,0.493023256
1917-11,1.055813953
1917-12,1.820930233
1918-01,1.046511628
1918-02,0.33255814
1918-03,0.493023256
1918-04,0.686046512
1918-05,0.597674419
1918-06,0.195348837
1918-07,1.31627907
1918-08,1.179069767
1918-09,0.672093023
1918-10,0.790697674
1918-11,0.753488372
1918-12,0.190697674
1919-01,-0.06744186
1919-02,0.662790698
1919-03,0.360465116
1919-04,0.018604651
1919-05,0.862790698
1919-06,1.4
1919-07,0.318604651
1919-08,0.418604651
1919-09,0.086046512
1919-10,0.041860465
1919-11,-0.209302326
1919-12,-0.374418605
1920-01,0.002325581
1920-02,0.06744186
1920-03,0.446511628
1920-04,-0.841860465
1920-05,-0.411627907
1920-06,-0.286046512
1920-07,-0.546511628
1920-08,-0.739534884
1920-09,-0.341860465
1920-10,-0.03255814
1920-11,-0.553488372
1920-12,-0.490697674
1921-01,-0.453488372
1921-02,-0.527906977
1921-03,-0.565116279
1921-04,-0.43255814
1921-05,-0.669767442
1921-06,-0.402325581
1921-07,-0.211627907
1921-08,-0.655813953
1921-09,-0.772093023
1921-10,-0.762790698
1921-11,-0.772093023
1921-12,-0.713953488
1922-01,-0.911627907
1922-02,-0.572093023
1922-03,0.086046512
1922-04,-0.930232558
1922-05,-1
1922-06,-1.051162791
1922-07,-0.93255814
1922-08,-1.034883721
1922-09,-1.076744186
1922-10,-1.041860465
1922-11,-1.013953488
1922-12,-0.779069767
1923-01,-1.081395349
1923-02,-1.151162791
1923-03,-1.109302326
1923-04,-1.044186047
1923-05,-1.111627907
1923-06,-0.974418605
1923-07,-1.104651163
1923-08,-1.174418605
1923-09,-0.879069767
1923-10,-0.91627907
1923-11,-0.953488372
1923-12,-1.120930233
1924-01,-1.174418605
1924-02,-1.06744186
1924-03,-1.144186047
1924-04,-0.923255814
1924-05,-0.702325581
1924-06,-0.627906977
1924-07,-0.53255814
1924-08,-0.737209302
1924-09,-0.602325581
1924-10,-0.590697674
1924-11,-0.662790698
1924-12,-0.802325581
1925-01,-1.058139535
1925-02,-0.646511628
1925-03,-0.76744186
1925-04,-0.448837209
1925-05,-0.190697674
1925-06,-0.081395349
1925-07,-0.290697674
1925-08,-0.304651163
1925-09,0.213953488
1925-10,0.423255814
1925-11,0.176744186
1925-12,1.106976744
1926-01,0.48372093
1926-02,0.441860465
1926-03,0.26744186
1926-04,-0.290697674
1926-05,0.309302326
1926-06,0.523255814
1926-07,0.030232558
1926-08,0.246511628
1926-09,0.227906977
1926-10,0.476744186
1926-11,0.220930233
1926-12,0.660465116
1927-01,0.711627907
1927-02,0.976744186
1927-03,0.43255814
1927-04,0.988372093
1927-05,0.653488372
1927-06,0.188372093
1927-07,0.090697674
1927-08,0.065116279
1927-09,0.404651163
1927-10,0.281395349
1927-11,0.376744186
1927-12,-0.134883721
1928-01,0.755813953
1928-02,0.523255814
1928-03,0.8
1928-04,0.688372093
1928-05,0.602325581
1928-06,0.939534884
1928-07,1.093023256
1928-08,0.762790698
1928-09,0.9
1928-10,0.241860465
1928-11,-0.01627907
1928-12,0.186046512
1929-01,0.41627907
1929-02,0.304651163
1929-03,-0.018604651
1929-04,0.041860465
1929-05,0.16744186
1929-06,0.486046512
1929-07,0.446511628
1929-08,0.344186047
1929-09,-0.386046512
1929-10,0.069767442
1929-11,0.7
1929-12,1.325581395
1930-01,0.33255814
1930-02,-0.041860465
1930-03,-0.372093023
1930-04,-0.297674419
1930-05,-0.330232558
1930-06,-0.51627907
1930-07,-0.676744186
1930-08,-0.606976744
1930-09,-0.439534884
1930-10,-0.386046512
1930-11,-0.358139535
1930-12,-0.586046512
1931-01,-0.846511628
1931-02,-0.18372093
1931-03,-0.488372093
1931-04,-0.460465116
1931-05,-0.613953488
1931-06,-0.830232558
1931-07,-0.781395349
1931-08,-0.88372093
1931-09,-0.744186047
1931-10,-0.953488372
1931-11,-0.751162791
1931-12,-0.772093023
1932-01,-0.904651163
1932-02,-0.939534884
1932-03,-0.925581395
1932-04,-0.925581395
1932-05,-0.769767442
1932-06,-0.669767442
1932-07,-0.962790698
1932-08,-1.027906977
1932-09,-1.093023256
1932-10,-0.979069767
1932-11,-0.995348837
1932-12,-0.930232558
1933-01,-0.9
1933-02,-0.669767442
1933-03,-0.951162791
1933-04,-1.118604651
1933-05,-1.111627907
1933-06,-1.065116279
1933-07,-1.120930233
1933-08,-1.181395349
1933-09,-1.06744186
1933-10,-1.11627907
1933-11,-1.172093023
1933-12,-1.179069767
1934-01,-1.106976744
1934-02,-1.004651163
1934-03,-1.086046512
1934-04,-0.923255814
1934-05,-0.727906977
1934-06,-1.030232558
1934-07,-0.969767442
1934-08,-0.993023256
1934-09,-1.093023256
1934-10,-1.053488372
1934-11,-0.98372093
1934-12,-0.827906977
1935-01,-0.746511628
1935-02,-0.709302326
1935-03,-0.648837209
1935-04,-0.902325581
1935-05,-0.551162791
1935-06,-0.123255814
1935-07,-0.397674419
1935-08,-0.486046512
1935-09,-0.206976744
1935-10,0.051162791
1935-11,0.306976744
1935-12,0.244186047
1936-01,0.274418605
1936-02,0.541860465
1936-03,0.606976744
1936-04,0.555813953
1936-05,0.08372093
1936-06,0.441860465
1936-07,0.030232558
1936-08,0.837209302
1936-09,0.581395349
1936-10,0.88372093
1936-11,1.497674419
1936-12,1.68372093
1937-01,1.895348837
1937-02,1.802325581
1937-03,0.765116279
1937-04,1.355813953
1937-05,1.527906977
1937-06,1.844186047
1937-07,2.188372093
1937-08,2.01627907
1937-09,1.155813953
1937-10,1.718604651
1937-11,0.544186047
1937-12,0.879069767
1938-01,1.102325581
1938-02,1.586046512
1938-03,0.825581395
1938-04,1.162790698
1938-05,1.776744186
1938-06,1.081395349
1938-07,2.658139535
1938-08,1.504651163
1938-09,0.897674419
1938-10,1.118604651
1938-11,1.655813953
1938-12,0.969767442
1939-01,0.681395349
1939-02,0.613953488
1939-03,0.31627907
1939-04,1.351162791
1939-05,1.565116279
1939-06,1.162790698
1939-07,1.08372093
1939-08,1.274418605
1939-09,1.43255814
1939-10,0.862790698
1939-11,0.397674419
1939-12,-0.206976744
1940-01,-0.011627907
1940-02,0.195348837
1940-03,0.751162791
1940-04,0.225581395
1940-05,0.079069767
1940-06,0.765116279
1940-07,0.38372093
1940-08,1.26744186
1940-09,0.360465116
1940-10,0.093023256
1940-11,0.172093023
1940-12,0.402325581
1941-01,-0.125581395
1941-02,-0.151162791
1941-03,-0.106976744
1941-04,-0.423255814
1941-05,-0.5
1941-06,0.204651163
1941-07,0.369767442
1941-08,0.209302326
1941-09,0.346511628
1941-10,-0.109302326
1941-11,-0.295348837
1941-12,-0.402325581
1942-01,-0.358139535
1942-02,0.041860465
1942-03,0.074418605
1942-04,0.225581395
1942-05,-0.604651163
1942-06,-0.920930233
1942-07,-0.774418605
1942-08,-0.71627907
1942-09,-0.786046512
1942-10,-0.739534884
1942-11,-0.472093023
1942-12,-0.662790698
1943-01,-0.897674419
1943-02,-0.513953488
1943-03,-0.548837209
1943-04,-0.579069767
1943-05,-0.858139535
1943-06,-1.009302326
1943-07,-0.879069767
1943-08,-0.734883721
1943-09,-0.953488372
1943-10,-1.004651163
1943-11,-0.948837209
1943-12,-0.748837209
1944-01,-1.1
1944-02,-1.174418605
1944-03,-0.930232558
1944-04,-1.179069767
1944-05,-1.127906977
1944-06,-1.069767442
1944-07,-1.069767442
1944-08,-0.797674419
1944-09,-0.853488372
1944-10,-0.793023256
1944-11,-0.934883721
1944-12,-0.525581395
1945-01,-0.755813953
1945-02,-0.890697674
1945-03,-0.686046512
1945-04,-0.441860465
1945-05,-0.474418605
1945-06,-0.344186047
1945-07,-0.195348837
1945-08,-0.58372093
1945-09,-0.374418605
1945-10,0.413953488
1945-11,-0.11627907
1945-12,-0.548837209
1946-01,-0.079069767
1946-02,0.818604651
1946-03,0.595348837
1946-04,0.574418605
1946-05,0.788372093
1946-06,0.523255814
1946-07,1.51627907
1946-08,1.306976744
1946-09,1.009302326
1946-10,1.193023256
1946-11,1.693023256
1946-12,1.644186047
1947-01,1.504651163
1947-02,1.451162791
1947-03,1.83255814
1947-04,2.297674419
1947-05,3.495348837
1947-06,2.625581395
1947-07,2.486046512
1947-08,3.204651163
1947-09,2.753488372
1947-10,2.618604651
1947-11,1.790697674
1947-12,1.523255814
1948-01,1.337209302
1948-02,0.81627907
1948-03,1.018604651
1948-04,3.225581395
1948-05,2.860465116
1948-06,2.71627907
1948-07,2.120930233
1948-08,2.486046512
1948-09,2.146511628
1948-10,1.98372093
1948-11,1.041860465
1948-12,2.023255814
1949-01,1.58372093
1949-02,3.053488372
1949-03,2.476744186
1949-04,2.23255814
1949-05,1.28372093
1949-06,1.644186047
1949-07,1.739534884
1949-08,1.693023256
1949-09,2.193023256
1949-10,1.874418605
1949-11,2.151162791
1949-12,1.548837209
1950-01,1.176744186
1950-02,1.018604651
1950-03,1.365116279
1950-04,1.451162791
1950-05,1.28372093
1950-06,0.758139535
1950-07,0.930232558
1950-08,0.795348837
1950-09,0.006976744
1950-10,0.241860465
1950-11,0.088372093
1950-12,0.072093023
1951-01,0.206976744
1951-02,0.206976744
1951-03,0.206976744
1951-04,0.974418605
1951-05,1.337209302
1951-06,1.153488372
1951-07,0.244186047
1951-08,0.23255814
1951-09,0.746511628
1951-10,0.013953488
1951-11,0.03255814
1951-12,-0.120930233
1952-01,-0.239534884
1952-02,-0.658139535
1952-03,-0.674418605
1952-04,-0.509302326
1952-05,-0.641860465
1952-06,-0.339534884
1952-07,-0.272093023
1952-08,0.090697674
1952-09,-0.530232558
1952-10,-0.63255814
1952-11,-0.672093023
1952-12,-0.388372093
1953-01,-0.569767442
1953-02,-1.095348837
1953-03,-0.953488372
1953-04,-0.539534884
1953-05,-0.895348837
1953-06,-0.679069767
1953-07,-0.986046512
1953-08,-0.639534884
1953-09,-0.737209302
1953-10,-0.995348837
1953-11,-1.148837209
1953-12,-1.127906977
1954-01,-1.181395349
1954-02,-1.174418605
1954-03,-0.93255814
1954-04,-1.144186047
1954-05,-1.16744186
1954-06,-1.181395349
1954-07,-1.074418605
1954-08,-0.990697674
1954-09,-1.151162791
1954-10,-1.023255814
1954-11,-0.972093023
1954-12,-1.009302326
1955-01,-0.648837209
1955-02,-0.702325581
1955-03,-1.072093023
1955-04,-0.923255814
1955-05,-0.513953488
1955-06,-0.448837209
1955-07,-0.565116279
1955-08,-0.239534884
1955-09,-0.193023256
1955-10,0.174418605
1955-11,0.888372093
1955-12,0.602325581
1956-01,0.525581395
1956-02,1.697674419
1956-03,1.56744186
1956-04,1.388372093
1956-05,1.990697674
1956-06,1.525581395
1956-07,1.81627907
1956-08,2.758139535
1956-09,2.841860465
1956-10,2.425581395
1956-11,3.495348837
1956-12,3.281395349
1957-01,2.651162791
1957-02,1.841860465
1957-03,2.474418605
1957-04,2.888372093
1957-05,2.641860465
1957-06,3.481395349
1957-07,3.16744186
1957-08,2.488372093
1957-09,4.297674419
1957-10,4.71627907
1957-11,3.718604651
1957-12,4.381395349
1958-01,3.523255814
1958-02,2.648837209
1958-03,3.248837209
1958-04,3.372093023
1958-05,2.890697674
1958-06,2.802325581
1958-07,3.265116279
1958-08,3.469767442
1958-09,3.493023256
1958-10,3.034883721
1958-11,2.355813953
1958-12,3.176744186
1959-01,3.869767442
1959-02,2.141860465
1959-03,3.13255814
1959-04,2.611627907
1959-05,2.813953488
1959-06,2.737209302
1959-07,2.293023256
1959-08,3.455813953
1959-09,2.190697674
1959-10,1.404651163
1959-11,1.697674419
1959-12,1.720930233
1960-01,2.21627907
1960-02,1.279069767
1960-03,1.190697674
1960-04,1.651162791
1960-05,1.595348837
1960-06,1.376744186
1960-07,1.644186047
1960-08,1.93255814
1960-09,1.772093023
1960-10,0.739534884
1960-11,0.897674419
1960-12,0.804651163
1961-01,0.160465116
1961-02,-0.113953488
1961-03,0.046511628
1961-04,0.241860465
1961-05,0
1961-06,0.613953488
1961-07,0.446511628
1961-08,0.113953488
1961-09,0.293023256
1961-10,-0.309302326
1961-11,-0.427906977
1961-12,-0.255813953
1962-01,-0.286046512
1962-02,-0.01627907
1962-03,-0.125581395
1962-04,-0.106976744
1962-05,-0.169767442
1962-06,-0.209302326
1962-07,-0.679069767
1962-08,-0.679069767
1962-09,0.006976744
1962-10,-0.26744186
1962-11,-0.560465116
1962-12,-0.646511628
1963-01,-0.725581395
1963-02,-0.618604651
1963-03,-0.788372093
1963-04,-0.504651163
1963-05,-0.186046512
1963-06,-0.351162791
1963-07,-0.730232558
1963-08,-0.413953488
1963-09,-0.28372093
1963-10,-0.365116279
1963-11,-0.641860465
1963-12,-0.839534884
1964-01,-0.830232558
1964-02,-0.774418605
1964-03,-0.802325581
1964-04,-0.986046512
1964-05,-0.965116279
1964-06,-0.974418605
1964-07,-1.113953488
1964-08,-0.969767442
1964-09,-1.076744186
1964-10,-1.044186047
1964-11,-1.013953488
1964-12,-0.834883721
1965-01,-0.779069767
1965-02,-0.855813953
1965-03,-0.913953488
1965-04,-1.027906977
1965-05,-0.625581395
1965-06,-0.81627907
1965-07,-0.909302326
1965-08,-0.979069767
1965-09,-0.795348837
1965-10,-0.718604651
1965-11,-0.818604651
1965-12,-0.790697674
1966-01,-0.530232558
1966-02,-0.618604651
1966-03,-0.597674419
1966-04,-0.053488372
1966-05,-0.13255814
1966-06,-0.076744186
1966-07,0.13255814
1966-08,0.004651163
1966-09,-0.018604651
1966-10,0.144186047
1966-11,0.144186047
1966-12,0.451162791
1967-01,1.393023256
1967-02,0.990697674
1967-03,1.413953488
1967-04,0.430232558
1967-05,0.825581395
1967-06,0.379069767
1967-07,0.941860465
1967-08,1.306976744
1967-09,0.6
1967-10,0.865116279
1967-11,1.006976744
1967-12,1.753488372
1968-01,1.646511628
1968-02,1.41627907
1968-03,0.958139535
1968-04,0.702325581
1968-05,1.772093023
1968-06,1.379069767
1968-07,1.048837209
1968-08,1.355813953
1968-09,1.539534884
1968-10,1.318604651
1968-11,0.813953488
1968-12,1.36744186
1969-01,1.241860465
1969-02,1.61627907
1969-03,1.972093023
1969-04,1.297674419
1969-05,1.604651163
1969-06,1.279069767
1969-07,1.065116279
1969-08,1.093023256
1969-09,0.937209302
1969-10,1.039534884
1969-11,0.988372093
1969-12,1.090697674
1970-01,1.406976744
1970-02,1.786046512
1970-03,1.206976744
1970-04,1.360465116
1970-05,1.779069767
1970-06,1.297674419
1970-07,1.430232558
1970-08,0.976744186
1970-09,1.127906977
1970-10,0.827906977
1970-11,1.027906977
1970-12,0.755813953
1971-01,0.937209302
1971-02,0.651162791
1971-03,0.225581395
1971-04,0.48372093
1971-05,0.151162791
1971-06,-0.027906977
1971-07,0.697674419
1971-08,0.241860465
1971-09,-0.018604651
1971-10,0.01627907
1971-11,0.28372093
1971-12,0.725581395
1972-01,0.244186047
1972-02,0.869767442
1972-03,0.676744186
1972-04,0.28372093
1972-05,0.686046512
1972-06,0.860465116
1972-07,0.593023256
1972-08,0.6
1972-09,0.302325581
1972-10,0.239534884
1972-11,-0.218604651
1972-12,-0.13255814
1973-01,-0.176744186
1973-02,-0.188372093
1973-03,-0.11627907
1973-04,0.155813953
1973-05,-0.2
1973-06,-0.26744186
1973-07,-0.648837209
1973-08,-0.590697674
1973-09,0.193023256
1973-10,-0.472093023
1973-11,-0.630232558
1973-12,-0.644186047
1974-01,-0.544186047
1974-02,-0.581395349
1974-03,-0.690697674
1974-04,-0.248837209
1974-05,-0.26744186
1974-06,-0.348837209
1974-07,0.111627907
1974-08,-0.404651163
1974-09,-0.251162791
1974-10,-0.090697674
1974-11,-0.604651163
1974-12,-0.709302326
1975-01,-0.746511628
1975-02,-0.918604651
1975-03,-0.918604651
1975-04,-1.06744186
1975-05,-0.976744186
1975-06,-0.920930233
1975-07,-0.530232558
1975-08,-0.262790698
1975-09,-0.862790698
1975-10,-0.974418605
1975-11,-0.734883721
1975-12,-1.004651163
1976-01,-0.997674419
1976-02,-1.086046512
1976-03,-0.676744186
1976-04,-0.748837209
1976-05,-0.897674419
1976-06,-0.902325581
1976-07,-1.141860465
1976-08,-0.804651163
1976-09,-0.872093023
1976-10,-0.706976744
1976-11,-1.065116279
1976-12,-0.830232558
1977-01,-0.804651163
1977-02,-0.648837209
1977-03,-0.98372093
1977-04,-0.886046512
1977-05,-0.753488372
1977-06,-0.290697674
1977-07,-0.688372093
1977-08,-0.486046512
1977-09,-0.162790698
1977-10,-0.16744186
1977-11,-0.509302326
1977-12,-0.181395349
1978-01,0.020930233
1978-02,0.990697674
1978-03,0.593023256
1978-04,1.13255814
1978-05,0.737209302
1978-06,1.025581395
1978-07,0.451162791
1978-08,0.165116279
1978-09,2.027906977
1978-10,1.723255814
1978-11,1.090697674
1978-12,1.66744186
1979-01,2.688372093
1979-02,2.011627907
1979-03,2.023255814
1979-04,1.174418605
1979-05,1.939534884
1979-06,2.290697674
1979-07,2.520930233
1979-08,2.120930233
1979-09,3.195348837
1979-10,3.144186047
1979-11,3.076744186
1979-12,2.913953488
1980-01,2.525581395
1980-02,2.418604651
1980-03,1.748837209
1980-04,2.630232558
1980-05,2.997674419
1980-06,2.472093023
1980-07,1.98372093
1980-08,1.962790698
1980-09,2.418604651
1980-10,2.644186047
1980-11,2.253488372
1980-12,2.869767442
1981-01,1.465116279
1981-02,2.1
1981-03,1.965116279
1981-04,2.451162791
1981-05,1.779069767
1981-06,0.906976744
1981-07,2.158139535
1981-08,2.504651163
1981-09,2.704651163
1981-10,2.590697674
1981-11,2.011627907
1981-12,2.304651163
1982-01,1.4
1982-02,2.618604651
1982-03,2.390697674
1982-04,1.651162791
1982-05,0.725581395
1982-06,1.381395349
1982-07,1.281395349
1982-08,1.31627907
1982-09,1.576744186
1982-10,1.01627907
1982-11,1.095348837
1982-12,1.76744186
1983-01,0.774418605
1983-02,0
1983-03,0.360465116
1983-04,0.690697674
1983-05,1.120930233
1983-06,0.93255814
1983-07,0.725581395
1983-08,0.48372093
1983-09,-0.01627907
1983-10,0.111627907
1983-11,-0.411627907
1983-12,-0.409302326
